id_order,id_customer,id_driver,rating,feedback,order_date,hidden_c,hidden_d
"1","7","5","4","Morbi odio odio, elementum eu, interdum eu, tincidunt in, leo. Maecenas pulvinar lobortis est.","2017-09-29","0","1"
"2","8","1","4","In est risus, auctor sed, tristique in, tempus sit amet, sem.","2017-09-03","0","0"
"3","1","8","3","In hac habitasse platea dictumst. Maecenas ut massa quis augue luctus tincidunt.","2017-09-18","0","0"
"4","6","4","1","Suspendisse ornare consequat lectus.","2017-09-04","1","1"
"5","5","3","4","Integer non velit.","2017-08-30","1","1"
"6","7","7","4","Maecenas rhoncus aliquam lacus.","2017-08-22","0","0"
"7","1","7","4","Aliquam quis turpis eget elit sodales scelerisque. Mauris sit amet eros.","2017-09-02","1","1"
"8","7","8","1","Nulla facilisi.","2017-09-07","0","1"
"9","3","3","4","Morbi ut odio.","2017-09-14","1","0"
"10","2","4","3","Cras mi pede, malesuada in, imperdiet et, commodo vulputate, justo.","2017-09-19","1","1"
"11","2","10","2","Donec vitae nisi. Nam ultrices, libero non mattis pulvinar, nulla pede ullamcorper augue, a suscipit nulla elit ac nulla.","2017-08-21","1","1"
"12","3","10","3","Quisque id justo sit amet sapien dignissim vestibulum.","2017-09-04","0","1"
"13","7","1","3","Aliquam erat volutpat. In congue.","2017-08-18","0","1"
"14","10","4","5","Pellentesque ultrices mattis odio. Donec vitae nisi.","2017-08-19","1","1"
"15","9","1","4","Suspendisse accumsan tortor quis turpis.","2017-09-17","1","0"
"16","2","1","2","Nam congue, risus semper porta volutpat, quam pede lobortis ligula, sit amet eleifend pede libero quis orci. Nullam molestie nibh in lectus.","2017-08-11","1","1"
"17","4","2","2","Sed sagittis.","2017-09-28","1","0"
"18","5","3","4","Ut at dolor quis odio consequat varius.","2017-09-05","0","0"
"19","9","9","3","Mauris sit amet eros. Suspendisse accumsan tortor quis turpis.","2017-09-10","0","0"
"20","2","8","4","Maecenas tincidunt lacus at velit. Vivamus vel nulla eget eros elementum pellentesque.","2017-09-11","1","0"
"21","2","3","4","Ut at dolor quis odio consequat varius. Integer ac leo.","2017-08-24","1","0"
"22","3","9","2","Curabitur at ipsum ac tellus semper interdum. Mauris ullamcorper purus sit amet nulla.","2017-08-05","1","1"
"23","6","9","4","Nullam orci pede, venenatis non, sodales sed, tincidunt eu, felis. Fusce posuere felis sed lacus.","2017-09-14","0","0"
"24","6","1","4","Donec dapibus.","2017-08-20","1","1"
"25","2","2","4","Quisque erat eros, viverra eget, congue eget, semper rutrum, nulla. Nunc purus.","2017-08-23","1","0"
"26","8","1","3","Mauris sit amet eros.","2017-08-14","0","1"
"27","1","8","4","Nullam varius. Nulla facilisi.","2017-09-18","1","1"
"28","8","8","2","Vivamus in felis eu sapien cursus vestibulum.","2017-08-13","1","0"
"29","3","5","3","Phasellus id sapien in sapien iaculis congue.","2017-09-12","0","1"
"30","1","6","5","Phasellus id sapien in sapien iaculis congue. Vivamus metus arcu, adipiscing molestie, hendrerit at, vulputate vitae, nisl.","2017-09-08","1","0"
